dwelling,student4,student2,student8,elderly,starter2,starter3,family4,supermarket,care_center,physcial_center,gym,working_space,cafe,restaurant,bar,lobby,parking,bycicle_parking,atrium,biergarten,annabel
str,float,float,float,float,float,float,float,float,float,float,float,float,float,float,float,float,float,float,float,float,float
Student housing 4p,1,0.5,-1,-1,-1,-1,-1,-1,-1,-1,-1,-1,-1,-1,-1,-1,-1,-1,-1,-1,-1
Student housing 2p,-1,1,-1,-1,-1,-1,-1,-1,-1,-1,-1,-1,-1,-1,-1,-1,-1,-1,-1,-1,-1
Student housing 8p,0.5,0.5,1,-1,-1,-1,-1,-1,-1,-1,-1,-1,-1,-1,-1,-1,-1,-1,-1,-1,-1
Elderly housing 1-2p,0,0.3,0,1,-1,-1,-1,-1,-1,-1,-1,-1,-1,-1,-1,-1,-1,-1,-1,-1,-1
Starter housing 2p,0.3,0.3,0,0.3,1,0.3,0.3,-1,-1,-1,-1,-1,-1,-1,-1,-1,-1,-1,-1,-1,-1
Starter housing 3p,0,0.3,0,0.3,-1,1,-1,-1,-1,-1,-1,-1,-1,-1,-1,-1,-1,-1,-1,-1,-1
Family housing 4p,0,0.3,0,0.3,-1,0.5,1,-1,-1,-1,-1,-1,-1,-1,-1,-1,-1,-1,-1,-1,-1
Supermarket ,0.3,0.3,0.3,0.3,0.3,0.3,0.3,1,-1,0.15,-1,0.3,-1,-1,-1,-1,-1,-1,-1,-1,-1
Care center,0.15,0.15,0.15,0.5,0.15,0.5,0.5,0.15,1,0.5,-1,0,-1,-1,-1,-1,1,0.5,-1,-1,-1
Physical center elderly ,0.15,0.15,0.15,0.75,0.15,0.15,0.15,-1,-1,1,-1,-1,-1,-1,-1,-1,-1,-1,-1,-1,-1
Gym,0.75,0.75,0.75,0.3,0.5,0.5,0.5,0.15,0,0.5,1,0.15,-1,-1,-1,-1,0.5,0.75,-1,-1,-1
Working spaces,0.75,0.75,0.75,0.15,0.5,0.5,0.5,-1,-1,0.15,-1,1,-1,-1,-1,-1,-1,-1,-1,-1,-1
Cafe,0.5,0.5,0.5,0,0.3,0,0,0.15,0,0,0,0.15,1,-1,-1,-1,0.3,0.5,-1,-1,-1
Restaurant,0.3,0.3,0.3,0.3,0.5,0.3,0.3,0.15,0,0,0,0.3,0.5,1,-1,-1,0.75,0.75,-1,-1,-1
Bar,0.5,0.5,0.5,0,0.3,0,0,0.15,0,0,0,0,0.5,0.5,1,-1,0.3,0.75,-1,-1,-1
Lobby,0.15,0.15,0.15,0.75,0.15,0.5,0.5,0.75,1,1,0.5,0.5,0.75,0.75,0.75,1,0.5,0.5,-1,-1,-1
Parking ,0.15,0.15,0.15,0.75,0.3,0.3,0.3,1,-1,1,-1,0.5,-1,-1,-1,-1,1,0.5,-1,-1,-1
Bycicle parking,0.75,0.75,0.75,0.15,0.3,0.3,0.3,1,-1,0.3,-1,0.5,-1,-1,-1,-1,-1,1,-1,-1,-1
Atrium,0.15,0.15,0.15,0.15,0.15,0.15,0.15,0.3,0.3,0.15,0.15,0.3,0.5,0.15,0.15,0.75,0.15,0.3,1,-1,-1
Biergarten,0.5,0.5,0.5,0.15,0.15,0,0,0.15,0,0.15,0.15,0.3,0.5,0.5,0.5,0,0.75,0.75,0.15,1,-1
Nightclub,0.5,0.5,0.5,0,0.15,0,0,0,0,0.15,0.15,0,0.5,0.15,0.5,0,0,0.75,0.15,0.5,1
